,small_train,small_dev,large_train,large_dev
users,8000,2000,40000,10000
news,35803,16553,61212,31257
clicks,64895,5980,324865,29623
history_clicks,2321368,219235,11778685,1038978
impressions,38031,3475,189948,17037
average title len,10.783593553612826,10.908898689059384,10.74617722015291,10.83216559490674
average abs len,33.64005809569031,29.833504500694737,35.18364046265438,32.60328886329462
